side_length,board_size,matchup,player_policy,enemy_policy,winner,win_reason,natural_winner,natural_win_reason,timeout_margin,timeout_controlled_diff,final_round,threshold_60,player_first_rounds,enemy_first_rounds,p_controlled,e_controlled,p_non_core,e_non_core,neutral_fields,build,raid,raid_takeovers,raid_absorbed_by_shield,fortify,rebuild,field_upgrade,core_upgrade,wait,tunnel_entrance,tunnel_extend,tunnel_raid,repair_build,tunnel_raid_takeovers,shield_bypassed,collapsed_fields_total,p_build,p_raid,p_fortify,p_rebuild,p_wait,p_tunnel_entrance,p_tunnel_extend,p_tunnel_raid,p_repair_build,e_build,e_raid,e_fortify,e_rebuild,e_wait,e_tunnel_entrance,e_tunnel_extend,e_tunnel_raid,e_repair_build,p_holz_waste,p_stein_waste,p_korn_waste,e_holz_waste,e_stein_waste,e_korn_waste,p_holz,p_stein,p_korn,e_holz,e_stein,e_korn,final_shielded_fields,final_shield_points,final_max_shield,collapsed_fields_final,tunnel_edges_final,tunnel_nodes_final,network_components_final,largest_tunnel_component,fields_with_tunnel_entrance,max_tunnel_pressure_final,avg_tunnel_pressure_final_x100
4,37,opening_resource_spammer_vs_opening_resource_spammer,opening_resource_spammer,opening_resource_spammer,,timeout_draw,,none,5,-2,81,23,40,40,17,19,16,18,1,32,217,217,0,0,0,0,0,231,0,0,0,0,0,0,0,16,108,0,0,116,0,0,0,0,16,109,0,0,115,0,0,0,0,395,0,414,644,0,176,6,0,3,6,0,2,0,0,0,0,0,0,0,0,0,0,0
4,37,opening_resource_spammer_vs_tunnel_all_in_probe,opening_resource_spammer,tunnel_all_in_probe,player,domination,player,domination,5,0,11,23,6,5,13,1,12,0,23,10,6,6,0,0,0,0,0,39,2,1,3,0,3,3,0,8,6,0,0,17,0,0,0,0,2,0,0,0,22,2,1,3,0,0,0,37,0,0,1,6,4,5,0,2,4,0,0,0,0,1,2,1,2,2,2,11
4,37,opening_resource_spammer_vs_utility_balancer,opening_resource_spammer,utility_balancer,player,domination,player,domination,5,0,17,23,9,8,21,1,20,0,15,18,29,25,4,4,2,5,1,38,0,0,0,0,0,0,0,10,21,0,0,18,0,0,0,0,8,8,4,2,20,0,0,0,0,72,2,32,0,0,0,6,6,5,6,1,5,0,0,0,0,0,0,0,0,0,0,0
4,37,opening_resource_spammer_vs_utility_tunneler,opening_resource_spammer,utility_tunneler,player,domination,player,domination,5,0,25,23,13,12,21,1,20,0,15,18,35,34,1,1,0,1,1,78,5,6,0,0,0,0,0,11,22,0,0,40,0,0,0,0,7,13,1,0,38,5,6,0,0,83,22,126,0,3,2,6,6,4,2,1,4,0,0,0,0,6,7,1,7,5,3,46
4,37,opening_resource_spammer_vs_rusher,opening_resource_spammer,rusher,enemy,territory,enemy,territory,5,0,26,23,13,13,10,23,9,22,4,29,69,69,0,0,0,0,0,55,0,0,0,0,0,0,0,21,28,0,0,26,0,0,0,0,8,41,0,0,29,0,0,0,0,15,0,14,79,0,111,6,0,5,6,0,1,0,0,0,0,0,0,0,0,0,0,0
4,37,opening_resource_spammer_vs_phase_player,opening_resource_spammer,phase_player,,timeout_draw,,none,5,1,81,23,40,40,17,16,16,15,4,29,184,170,14,20,38,15,1,193,0,0,0,0,0,0,0,11,101,0,0,128,0,0,0,0,18,83,20,38,65,0,0,0,0,507,71,378,0,337,738,6,6,6,1,12,7,6,6,1,0,0,0,0,0,0,0,0
4,37,tunnel_all_in_probe_vs_opening_resource_spammer,tunnel_all_in_probe,opening_resource_spammer,enemy,domination,enemy,domination,5,0,4,23,2,2,1,8,0,7,28,5,3,3,0,0,0,0,0,10,1,0,0,0,0,0,0,2,0,0,0,6,1,0,0,0,3,3,0,0,4,0,0,0,0,0,0,1,0,0,1,1,1,6,3,2,0,0,0,0,0,0,0,0,0,1,1,3
4,37,tunnel_all_in_probe_vs_tunnel_all_in_probe,tunnel_all_in_probe,tunnel_all_in_probe,player,domination,player,domination,5,0,23,23,12,11,7,1,6,0,28,5,0,0,0,0,0,0,0,78,9,21,16,4,16,16,5,3,0,0,0,37,5,11,10,1,2,0,0,0,41,4,10,6,3,0,6,2,0,4,5,1,6,0,1,1,3,0,0,0,1,6,6,1,6,4,4,43
4,37,tunnel_all_in_probe_vs_utility_balancer,tunnel_all_in_probe,utility_balancer,enemy,domination,enemy,domination,5,0,12,23,6,6,1,9,0,8,26,7,8,8,0,4,0,7,1,24,2,10,5,0,5,5,1,2,0,0,0,14,2,10,5,0,5,8,4,0,10,0,0,0,0,0,6,1,0,0,0,0,6,2,2,7,1,1,1,1,1,6,6,1,6,2,3,38
4,37,tunnel_all_in_probe_vs_utility_tunneler,tunnel_all_in_probe,utility_tunneler,enemy,domination,enemy,domination,5,0,10,23,5,5,1,13,0,12,23,10,6,6,0,2,0,2,1,20,3,8,3,1,3,3,1,2,0,0,0,12,2,8,3,0,8,6,2,0,8,1,0,0,1,0,0,1,0,0,2,1,4,3,2,5,2,1,1,1,0,5,5,1,5,2,3,32
4,37,tunnel_all_in_probe_vs_rusher,tunnel_all_in_probe,rusher,enemy,domination,enemy,domination,5,0,4,23,2,2,1,7,0,6,29,4,3,3,0,0,0,0,0,11,1,0,0,0,0,0,0,2,0,0,0,6,1,0,0,0,2,3,0,0,5,0,0,0,0,0,0,1,0,0,3,1,1,6,2,2,0,0,0,0,0,0,0,0,0,1,1,3
4,37,tunnel_all_in_probe_vs_phase_player,tunnel_all_in_probe,phase_player,enemy,domination,enemy,domination,5,0,10,23,5,5,1,13,0,12,23,10,6,6,0,3,1,2,1,25,2,2,3,0,3,3,0,2,0,0,0,18,2,2,3,0,8,6,3,1,7,0,0,0,0,0,0,2,0,3,2,2,0,2,5,12,11,2,2,1,0,2,3,1,3,2,3,16
4,37,utility_balancer_vs_opening_resource_spammer,utility_balancer,opening_resource_spammer,player,territory,player,territory,5,0,51,23,26,25,23,13,22,12,1,32,121,84,37,62,9,9,1,69,0,0,0,0,0,0,0,17,44,62,9,11,0,0,0,0,15,77,0,0,58,0,0,0,0,149,38,52,254,9,174,12,9,6,6,6,6,10,22,3,0,0,0,0,0,0,0,0
4,37,utility_balancer_vs_tunnel_all_in_probe,utility_balancer,tunnel_all_in_probe,enemy,full_board_majority,enemy,full_board_majority,5,0,34,23,17,17,15,22,14,21,0,33,24,24,0,31,3,3,1,34,2,29,41,1,41,41,1,31,24,31,3,7,0,0,0,0,2,0,0,0,27,2,29,41,1,1,24,24,54,80,3,7,12,12,5,5,0,4,5,2,0,25,23,1,23,2,3,141
4,37,utility_balancer_vs_utility_balancer,utility_balancer,utility_balancer,player,full_board_majority,player,full_board_majority,5,0,17,23,9,8,19,18,18,17,0,33,9,7,2,35,1,5,2,13,0,0,0,0,0,0,0,18,5,16,0,7,0,0,0,0,15,4,19,1,6,0,0,0,0,0,19,3,2,9,9,4,12,5,12,12,11,17,33,3,0,0,0,0,0,0,0,0
4,37,utility_balancer_vs_utility_tunneler,utility_balancer,utility_tunneler,player,full_board_majority,player,full_board_majority,5,0,21,23,11,10,20,17,19,16,0,33,17,16,1,44,1,6,2,13,7,0,0,0,0,0,0,16,9,27,1,6,0,0,0,0,17,8,17,0,7,7,0,0,0,48,30,3,16,28,16,4,12,0,12,12,12,21,43,3,0,0,0,0,0,7,1,19
4,37,utility_balancer_vs_rusher,utility_balancer,rusher,enemy,territory,enemy,territory,5,0,25,23,13,12,13,23,12,22,1,32,61,54,7,8,2,5,2,40,0,0,0,0,0,0,0,21,22,8,2,16,0,0,0,0,11,39,0,0,24,0,0,0,0,26,2,3,1,5,97,2,3,2,6,12,5,0,0,0,0,0,0,0,0,0,0,0
4,37,utility_balancer_vs_phase_player,utility_balancer,phase_player,player,full_board_majority,player,full_board_majority,5,0,27,23,14,13,19,18,18,17,0,33,60,36,24,42,1,9,2,13,0,0,0,0,0,0,0,19,24,25,1,7,0,0,0,0,14,36,17,0,6,0,0,0,0,28,20,9,17,82,83,10,12,3,4,12,12,13,16,3,0,0,0,0,0,0,0,0
4,37,utility_tunneler_vs_opening_resource_spammer,utility_tunneler,opening_resource_spammer,enemy,domination,enemy,domination,5,0,14,23,7,7,1,22,0,21,14,19,27,25,2,2,0,2,1,27,2,0,0,0,0,0,0,10,7,2,0,15,2,0,0,0,9,20,0,0,12,0,0,0,0,0,0,0,50,8,7,2,1,3,6,6,3,0,0,0,0,0,0,0,0,2,1,5
4,37,utility_tunneler_vs_tunnel_all_in_probe,utility_tunneler,tunnel_all_in_probe,player,domination,player,domination,5,0,11,23,6,5,15,1,14,0,21,12,7,7,0,3,0,1,1,24,5,5,4,0,4,4,0,10,7,3,0,7,3,0,0,0,2,0,0,0,17,2,5,4,0,0,2,0,0,0,1,0,12,7,1,3,1,1,1,1,0,5,6,1,6,5,3,41
4,37,utility_tunneler_vs_utility_balancer,utility_tunneler,utility_balancer,enemy,full_board_majority,enemy,full_board_majority,5,0,18,23,9,9,18,19,17,18,0,33,15,14,1,27,3,4,2,14,8,0,0,0,0,0,0,18,7,7,1,8,8,0,0,0,15,8,20,2,6,0,0,0,0,2,7,16,10,9,13,3,12,12,12,12,3,14,26,3,0,0,0,0,0,8,1,22
4,37,utility_tunneler_vs_utility_tunneler,utility_tunneler,utility_tunneler,enemy,full_board_majority,enemy,full_board_majority,5,0,22,23,11,11,18,19,17,18,0,33,12,12,0,43,1,4,2,15,20,0,0,0,0,0,0,18,5,22,0,8,8,0,0,0,15,7,21,1,7,12,0,0,0,24,31,4,31,50,2,4,12,8,10,12,0,18,43,3,0,0,0,0,0,20,1,54
4,37,utility_tunneler_vs_rusher,utility_tunneler,rusher,enemy,domination,enemy,domination,5,0,22,23,11,11,1,22,0,21,14,19,38,33,5,5,0,2,2,46,7,9,0,0,0,0,0,8,12,5,0,19,7,9,0,0,11,26,0,0,27,0,0,0,0,0,0,0,0,1,100,1,1,3,1,6,11,0,0,0,0,9,10,1,10,7,3,68
4,37,utility_tunneler_vs_phase_player,utility_tunneler,phase_player,enemy,territory,enemy,territory,5,0,24,23,12,12,10,23,9,22,4,29,47,43,4,14,0,6,2,15,13,8,7,0,7,7,0,10,20,1,0,8,13,8,7,0,19,27,13,0,7,0,0,0,0,3,40,3,18,15,45,12,12,9,5,5,4,9,9,1,0,8,12,4,5,13,3,78
4,37,rusher_vs_opening_resource_spammer,rusher,opening_resource_spammer,enemy,domination,enemy,domination,5,0,32,23,16,16,1,20,0,19,16,17,53,53,0,0,1,0,0,116,0,0,0,0,0,0,0,6,23,0,1,63,0,0,0,0,11,30,0,0,53,0,0,0,0,0,0,13,94,0,210,3,0,4,6,0,4,0,0,0,0,0,0,0,0,0,0,0
4,37,rusher_vs_tunnel_all_in_probe,rusher,tunnel_all_in_probe,player,domination,player,domination,5,0,11,23,6,5,12,1,11,0,24,9,6,6,0,0,0,0,0,39,2,3,3,0,3,3,0,7,6,0,0,19,0,0,0,0,2,0,0,0,20,2,3,3,0,0,0,33,0,0,1,0,3,5,0,1,4,0,0,0,0,3,4,1,4,2,3,22
4,37,rusher_vs_utility_balancer,rusher,utility_balancer,player,full_board_majority,player,full_board_majority,5,0,38,23,19,19,19,18,18,17,0,33,108,81,27,40,3,9,2,31,0,0,0,0,0,0,0,12,70,0,1,25,0,0,0,0,21,38,40,2,6,0,0,0,0,2,1,228,70,10,34,2,3,12,12,10,5,6,10,3,0,0,0,0,0,0,0,0
4,37,rusher_vs_utility_tunneler,rusher,utility_tunneler,player,territory,player,territory,5,0,23,23,12,11,23,13,22,12,1,32,50,37,13,16,1,3,2,26,4,0,0,0,0,0,0,10,37,0,0,19,0,0,0,0,22,13,16,1,7,4,0,0,0,1,0,100,0,2,4,5,11,10,12,12,9,1,1,1,0,0,0,0,0,4,1,11
4,37,rusher_vs_rusher,rusher,rusher,player,domination,player,domination,5,0,33,23,17,16,19,1,18,0,17,16,54,54,0,0,0,0,0,123,0,0,0,0,0,0,0,9,31,0,0,57,0,0,0,0,7,23,0,0,66,0,0,0,0,7,0,267,0,0,14,6,0,4,2,0,4,0,0,0,0,0,0,0,0,0,0,0
4,37,rusher_vs_phase_player,rusher,phase_player,player,territory,player,territory,5,0,35,23,18,17,23,13,22,12,1,32,86,70,16,22,14,8,2,42,0,0,0,0,0,0,0,17,53,0,0,33,0,0,0,0,15,33,22,14,9,0,0,0,0,31,0,189,7,0,147,6,1,8,4,10,12,6,6,1,0,0,0,0,0,0,0,0
4,37,phase_player_vs_opening_resource_spammer,phase_player,opening_resource_spammer,enemy,territory,enemy,territory,5,0,54,23,27,27,12,23,11,22,2,31,168,144,24,28,15,19,1,59,0,0,0,0,0,0,0,18,68,28,15,10,0,0,0,0,13,100,0,0,49,0,0,0,0,3,117,66,427,60,137,5,10,12,6,6,1,4,4,1,0,0,0,0,0,0,0,0
4,37,phase_player_vs_tunnel_all_in_probe,phase_player,tunnel_all_in_probe,player,domination,player,domination,5,0,11,23,6,5,15,1,14,0,21,12,6,6,0,6,0,2,1,28,2,1,3,0,3,3,0,10,6,6,0,6,0,0,0,0,2,0,0,0,22,2,1,3,0,2,0,1,0,0,1,12,10,11,0,2,4,6,6,1,0,1,2,1,2,2,2,11
4,37,phase_player_vs_utility_balancer,phase_player,utility_balancer,player,full_board_majority,player,full_board_majority,5,0,23,23,12,11,19,18,18,17,0,33,47,33,14,29,0,9,2,16,0,0,0,0,0,0,0,12,29,14,0,6,0,0,0,0,21,18,15,0,10,0,0,0,0,7,47,30,11,27,10,4,12,8,4,12,12,13,14,2,0,0,0,0,0,0,0,0
4,37,phase_player_vs_utility_tunneler,phase_player,utility_tunneler,player,domination,player,domination,5,0,13,23,7,6,16,1,15,0,20,13,14,13,1,7,2,4,2,26,3,3,0,0,0,0,0,11,9,6,2,7,0,0,0,0,2,5,1,0,19,3,3,0,0,0,5,1,0,0,0,12,12,9,0,5,3,6,6,1,0,3,4,1,4,3,3,24
4,37,phase_player_vs_rusher,phase_player,rusher,enemy,territory,enemy,territory,5,0,40,23,20,20,10,23,9,22,4,29,119,100,19,24,13,15,2,35,0,0,0,0,0,0,0,12,48,24,13,6,0,0,0,0,17,71,0,0,29,0,0,0,0,0,130,67,0,0,266,3,12,12,7,2,7,5,5,1,0,0,0,0,0,0,0,0
4,37,phase_player_vs_phase_player,phase_player,phase_player,enemy,full_board_majority,enemy,full_board_majority,5,0,26,23,13,13,15,22,14,21,0,33,51,38,13,28,12,15,2,11,0,0,0,0,0,0,0,15,22,14,7,5,0,0,0,0,18,29,14,5,6,0,0,0,0,4,20,72,6,0,108,11,9,12,0,6,10,15,15,1,0,0,0,0,0,0,0,0
5,61,opening_resource_spammer_vs_opening_resource_spammer,opening_resource_spammer,opening_resource_spammer,,timeout_draw,,none,5,-3,81,37,40,40,16,19,15,18,26,31,275,275,0,0,0,0,0,174,0,0,0,0,0,0,0,19,135,0,0,86,0,0,0,0,12,140,0,0,88,0,0,0,0,221,0,316,350,0,377,6,0,3,6,0,0,0,0,0,0,0,0,0,0,0,0,0
5,61,opening_resource_spammer_vs_tunnel_all_in_probe,opening_resource_spammer,tunnel_all_in_probe,player,domination,player,domination,5,0,12,37,6,6,13,1,12,0,47,10,8,8,0,0,0,0,0,39,3,5,5,0,5,5,0,8,8,0,0,18,0,0,0,0,2,0,0,0,21,3,5,5,0,3,1,26,0,0,1,6,6,4,0,0,2,0,0,0,0,5,6,1,6,3,3,21
5,61,opening_resource_spammer_vs_utility_balancer,opening_resource_spammer,utility_balancer,,timeout_draw,,none,5,1,81,37,40,40,30,29,29,28,2,55,289,225,64,78,0,4,1,53,0,0,0,0,0,0,0,13,184,0,0,43,0,0,0,0,42,105,78,0,10,0,0,0,0,609,115,688,243,45,319,6,6,1,12,1,7,2,2,1,0,0,0,0,0,0,0,0
5,61,opening_resource_spammer_vs_utility_tunneler,opening_resource_spammer,utility_tunneler,player,domination,player,domination,5,0,19,37,10,9,20,1,19,0,40,17,24,23,1,1,0,0,1,55,4,5,2,0,2,2,0,13,16,0,0,26,0,0,0,0,4,8,1,0,29,4,5,2,0,36,19,36,0,0,3,6,6,4,1,1,2,0,0,0,0,5,6,1,6,4,3,23
5,61,opening_resource_spammer_vs_rusher,opening_resource_spammer,rusher,player,domination,player,domination,5,0,15,37,8,7,19,1,18,0,41,16,26,26,0,0,0,0,0,43,0,0,0,0,0,0,0,9,17,0,0,17,0,0,0,0,7,9,0,0,26,0,0,0,0,22,0,45,0,0,18,6,0,4,1,0,4,0,0,0,0,0,0,0,0,0,0,0
5,61,opening_resource_spammer_vs_phase_player,opening_resource_spammer,phase_player,enemy,timeout_majority,,none,5,-14,81,37,40,40,21,35,20,34,5,52,236,175,61,76,7,28,1,80,0,0,0,0,0,0,0,18,149,0,0,73,0,0,0,0,34,87,76,7,7,0,0,0,0,671,90,129,52,110,1380,6,6,1,4,6,6,15,15,1,0,0,0,0,0,0,0,0
5,61,tunnel_all_in_probe_vs_opening_resource_spammer,tunnel_all_in_probe,opening_resource_spammer,enemy,domination,enemy,domination,5,0,14,37,7,7,1,17,0,16,43,14,9,9,0,0,0,0,0,44,3,3,6,0,6,6,0,2,0,0,0,25,3,3,6,0,12,9,0,0,19,0,0,0,0,0,0,2,10,0,29,0,2,4,6,5,4,0,0,0,0,3,4,1,4,3,3,15
5,61,tunnel_all_in_probe_vs_tunnel_all_in_probe,tunnel_all_in_probe,tunnel_all_in_probe,enemy,domination,enemy,domination,5,0,30,37,15,15,1,9,0,8,49,8,0,0,0,0,0,0,0,99,12,23,29,4,29,29,6,4,0,0,0,52,6,10,13,2,4,0,0,0,47,6,13,16,2,0,34,7,0,8,6,0,6,3,1,2,1,0,0,0,2,6,8,2,6,6,3,30
5,61,tunnel_all_in_probe_vs_utility_balancer,tunnel_all_in_probe,utility_balancer,enemy,domination,enemy,domination,5,0,14,37,7,7,1,20,0,19,40,17,8,8,0,7,2,4,1,26,4,7,5,0,5,5,0,2,0,0,0,21,4,7,5,0,15,8,7,2,5,0,0,0,0,0,0,5,5,10,0,2,4,1,4,12,4,3,4,2,0,7,8,1,8,4,3,30
5,61,tunnel_all_in_probe_vs_utility_tunneler,tunnel_all_in_probe,utility_tunneler,enemy,domination,enemy,domination,5,0,14,37,7,7,1,21,0,20,39,18,6,6,0,4,0,2,1,34,4,7,3,0,3,3,0,2,0,0,0,24,3,7,3,0,16,6,4,0,10,1,0,0,0,0,6,5,7,14,6,0,6,3,12,12,11,4,4,1,0,7,8,1,8,4,3,30
5,61,tunnel_all_in_probe_vs_rusher,tunnel_all_in_probe,rusher,enemy,domination,enemy,domination,5,0,14,37,7,7,1,11,0,10,48,9,11,11,0,0,0,0,0,41,2,9,9,0,9,9,1,2,0,0,0,17,2,9,9,0,7,11,0,0,24,0,0,0,0,0,4,1,0,0,14,2,3,3,0,5,0,0,0,0,1,5,6,1,6,2,3,20
5,61,tunnel_all_in_probe_vs_phase_player,tunnel_all_in_probe,phase_player,enemy,domination,enemy,domination,5,0,10,37,5,5,1,14,0,13,46,11,6,6,0,1,1,4,1,22,3,3,3,0,3,3,0,2,0,0,0,16,3,3,3,0,9,6,1,1,6,0,0,0,0,0,0,2,0,0,1,0,1,2,5,9,8,0,0,0,0,3,4,1,4,3,3,15
5,61,utility_balancer_vs_opening_resource_spammer,utility_balancer,opening_resource_spammer,enemy,timeout_majority,,none,5,-9,81,37,40,40,25,34,24,33,2,55,307,270,37,52,1,7,1,57,0,0,0,0,0,0,0,41,126,52,1,12,0,0,0,0,14,181,0,0,45,0,0,0,0,293,112,278,831,136,487,12,12,0,6,6,1,7,13,3,0,0,0,0,0,0,0,0
5,61,utility_balancer_vs_tunnel_all_in_probe,utility_balancer,tunnel_all_in_probe,player,domination,player,domination,5,0,13,37,7,6,18,1,17,0,42,15,6,6,0,8,0,4,1,25,3,8,3,0,3,3,0,13,6,8,0,5,0,0,0,0,2,0,0,0,20,3,8,3,0,0,7,3,0,1,6,12,12,11,0,5,1,7,7,1,0,8,9,1,9,3,3,31
5,61,utility_balancer_vs_utility_balancer,utility_balancer,utility_balancer,enemy,full_board_majority,enemy,full_board_majority,5,0,46,37,23,23,29,32,28,31,0,57,45,34,11,153,1,6,2,10,0,0,0,0,0,0,0,27,24,75,1,5,0,0,0,0,30,21,78,0,5,0,0,0,0,120,136,194,91,49,254,0,12,12,9,12,6,50,142,3,0,0,0,0,0,0,0,0
5,61,utility_balancer_vs_utility_tunneler,utility_balancer,utility_tunneler,player,full_board_majority,player,full_board_majority,5,0,44,37,22,22,31,30,30,29,0,57,39,35,4,115,1,5,2,15,28,0,0,0,0,0,0,28,18,74,1,5,0,0,0,0,29,21,41,0,10,28,0,0,0,172,118,128,42,84,272,0,12,12,5,10,7,42,111,3,0,0,0,0,0,28,1,46
5,61,utility_balancer_vs_rusher,utility_balancer,rusher,enemy,full_board_majority,enemy,full_board_majority,5,0,54,37,27,27,26,35,25,34,0,57,183,147,36,44,1,3,2,32,0,0,0,0,0,0,0,41,65,44,1,5,0,0,0,0,16,118,0,0,27,0,0,0,0,158,16,124,150,0,482,0,12,12,7,11,8,0,0,0,0,0,0,0,0,0,0,0
5,61,utility_balancer_vs_phase_player,utility_balancer,phase_player,enemy,territory,enemy,territory,5,0,50,37,25,25,22,37,21,36,2,55,121,100,21,59,2,19,2,39,0,0,0,0,0,0,0,26,62,32,2,15,0,0,0,0,29,59,27,0,24,0,0,0,0,141,117,221,96,37,509,12,12,12,8,10,5,21,36,3,0,0,0,0,0,0,0,0
5,61,utility_tunneler_vs_opening_resource_spammer,utility_tunneler,opening_resource_spammer,,timeout_draw,,none,5,-2,81,37,40,40,28,30,27,29,3,54,318,307,11,14,0,3,1,65,25,0,0,0,0,0,0,43,145,14,0,9,25,0,0,0,11,173,0,0,56,0,0,0,0,292,112,213,765,78,663,12,12,5,6,6,3,3,3,1,0,0,0,0,0,25,1,41
5,61,utility_tunneler_vs_tunnel_all_in_probe,utility_tunneler,tunnel_all_in_probe,player,domination,player,domination,5,0,40,37,20,20,32,1,31,0,28,29,14,14,0,38,0,2,1,62,22,45,14,12,14,14,12,27,14,38,0,10,15,2,2,8,2,0,0,0,52,7,43,12,4,94,80,114,0,60,4,12,12,10,0,4,3,8,11,3,0,6,8,2,6,15,3,44
5,61,utility_tunneler_vs_utility_balancer,utility_tunneler,utility_balancer,enemy,territory,enemy,territory,5,0,36,37,18,18,19,37,18,36,5,52,44,39,5,64,0,4,2,17,26,1,2,0,2,2,0,28,18,17,0,10,26,1,2,0,24,26,47,0,7,0,0,0,0,19,77,120,127,83,148,7,12,12,0,12,9,23,56,3,0,1,2,1,2,26,2,46
5,61,utility_tunneler_vs_utility_tunneler,utility_tunneler,utility_tunneler,enemy,full_board_majority,enemy,full_board_majority,5,0,52,37,26,26,25,36,24,35,0,57,35,35,0,122,0,4,2,25,51,5,9,0,9,9,0,31,17,60,0,16,26,0,1,0,26,18,62,0,9,25,5,8,0,217,90,177,205,187,213,0,12,12,11,10,6,37,104,3,0,5,9,4,3,51,3,100
5,61,utility_tunneler_vs_rusher,utility_tunneler,rusher,enemy,territory,enemy,territory,5,0,30,37,15,15,19,37,18,36,5,52,85,77,8,9,0,2,2,25,2,0,0,0,0,0,0,36,29,9,0,8,2,0,0,0,16,56,0,0,17,0,0,0,0,8,16,45,35,46,170,12,12,12,0,12,10,0,0,0,0,0,0,0,0,2,1,3
5,61,utility_tunneler_vs_phase_player,utility_tunneler,phase_player,enemy,territory,enemy,territory,5,0,48,37,24,24,19,37,18,36,5,52,119,101,18,31,5,14,2,19,24,10,9,0,9,9,0,27,53,6,1,9,24,10,9,0,25,66,25,4,10,0,0,0,0,168,77,55,27,76,571,12,12,12,6,5,5,12,12,1,0,10,15,5,5,24,3,72
5,61,rusher_vs_opening_resource_spammer,rusher,opening_resource_spammer,,timeout_draw,,none,5,-4,81,37,40,40,17,21,16,20,23,34,245,245,0,0,0,0,0,201,0,0,0,0,0,0,0,14,123,0,0,103,0,0,0,0,20,122,0,0,98,0,0,0,0,62,0,594,225,0,425,6,0,5,6,0,2,0,0,0,0,0,0,0,0,0,0,0
5,61,rusher_vs_tunnel_all_in_probe,rusher,tunnel_all_in_probe,player,domination,player,domination,5,0,13,37,7,6,11,1,10,0,49,8,8,8,0,0,0,0,0,44,2,8,5,0,5,5,0,6,8,0,0,25,0,0,0,0,2,0,0,0,19,2,8,5,0,0,0,37,0,0,2,2,1,0,1,6,2,0,0,0,0,8,8,1,8,2,3,30
5,61,rusher_vs_utility_balancer,rusher,utility_balancer,player,full_board_majority,player,full_board_majority,5,0,55,37,28,27,34,27,33,26,0,57,184,147,37,48,0,3,2,31,0,0,0,0,0,0,0,19,117,0,0,26,0,0,0,0,38,67,48,0,5,0,0,0,0,59,46,475,68,47,164,0,12,12,12,12,12,2,3,2,0,0,0,0,0,0,0,0
5,61,rusher_vs_utility_tunneler,rusher,utility_tunneler,player,territory,player,territory,5,0,39,37,20,19,37,20,36,19,4,53,118,105,13,15,0,3,2,33,6,0,0,0,0,0,0,14,76,0,0,25,0,0,0,0,39,42,15,0,8,6,0,0,0,54,45,262,25,36,57,0,12,11,12,12,12,0,0,0,0,0,0,0,0,6,1,10
5,61,rusher_vs_rusher,rusher,rusher,enemy,timeout_majority,,none,5,-15,81,37,40,40,15,30,14,29,16,41,261,261,0,0,4,10,2,162,0,0,0,0,0,0,0,24,125,0,2,84,0,0,0,0,17,136,0,2,78,0,0,0,0,0,0,293,0,4,834,1,0,10,8,12,6,0,0,0,0,0,0,0,0,0,0,0
5,61,rusher_vs_phase_player,rusher,phase_player,enemy,territory,enemy,territory,5,0,66,37,33,33,22,37,21,36,2,55,168,143,25,34,18,38,2,78,0,0,0,0,0,0,0,23,95,0,2,59,0,0,0,0,32,73,34,16,19,0,0,0,0,3,17,617,43,57,994,4,11,12,12,10,7,9,9,1,0,0,0,0,0,0,0,0
5,61,phase_player_vs_opening_resource_spammer,phase_player,opening_resource_spammer,player,timeout_majority,,none,5,14,81,37,40,40,33,19,32,18,9,48,226,165,61,78,14,20,1,93,0,0,0,0,0,0,0,32,82,78,14,13,0,0,0,0,16,144,0,0,80,0,0,0,0,84,60,919,574,128,99,12,12,6,6,6,2,17,17,1,0,0,0,0,0,0,0,0
5,61,phase_player_vs_tunnel_all_in_probe,phase_player,tunnel_all_in_probe,player,domination,player,domination,5,0,10,37,5,5,15,1,14,0,45,12,6,6,0,2,0,2,1,26,2,4,3,0,3,3,0,10,6,2,0,7,0,0,0,0,2,0,0,0,19,2,4,3,0,0,0,1,0,0,1,6,8,10,0,5,3,2,2,1,0,4,6,2,4,2,2,16
5,61,phase_player_vs_utility_balancer,phase_player,utility_balancer,player,full_board_majority,player,full_board_majority,5,0,51,37,26,25,31,30,30,29,0,57,126,75,51,88,0,14,2,17,0,0,0,0,0,0,0,20,73,38,0,8,0,0,0,0,37,53,50,0,9,0,0,0,0,57,84,520,131,50,239,12,12,8,0,12,12,28,36,3,0,0,0,0,0,0,0,0
5,61,phase_player_vs_utility_tunneler,phase_player,utility_tunneler,player,domination,player,domination,5,0,17,37,9,8,19,1,18,0,40,17,12,12,0,10,0,5,2,36,4,8,3,0,3,3,1,15,9,10,0,10,0,0,0,0,2,3,0,0,26,4,8,3,0,10,11,28,0,0,3,11,11,11,0,3,4,8,8,1,1,5,6,1,6,3,3,21
5,61,phase_player_vs_rusher,phase_player,rusher,enemy,timeout_majority,,none,5,-7,81,37,40,40,25,32,24,31,4,53,223,188,35,44,27,48,2,83,0,0,0,0,0,0,0,33,89,44,27,23,0,0,0,0,20,134,0,0,60,0,0,0,0,6,91,1141,6,299,1455,0,10,10,2,12,4,9,9,1,0,0,0,0,0,0,0,0
5,61,phase_player_vs_phase_player,phase_player,phase_player,player,full_board_majority,player,full_board_majority,5,0,58,37,29,29,31,30,30,29,0,57,147,113,34,54,14,49,2,21,0,0,0,0,0,0,0,28,77,23,6,12,0,0,0,0,29,70,31,8,9,0,0,0,0,93,113,804,42,73,631,12,12,12,0,12,11,20,20,1,0,0,0,0,0,0,0,0
