side_length,board_size,matchup,player_policy,enemy_policy,winner,win_reason,natural_winner,natural_win_reason,timeout_margin,timeout_controlled_diff,final_round,threshold_60,player_first_rounds,enemy_first_rounds,p_controlled,e_controlled,p_non_core,e_non_core,neutral_fields,build,raid,raid_takeovers,raid_absorbed_by_shield,fortify,rebuild,field_upgrade,core_upgrade,wait,p_build,p_raid,p_fortify,p_rebuild,p_wait,e_build,e_raid,e_fortify,e_rebuild,e_wait,p_holz_waste,p_stein_waste,p_korn_waste,e_holz_waste,e_stein_waste,e_korn_waste,p_holz,p_stein,p_korn,e_holz,e_stein,e_korn,final_shielded_fields,final_shield_points,final_max_shield
4,37,phase_player_vs_phase_player,phase_player,phase_player,enemy,full_board_majority,enemy,full_board_majority,5,0,26,23,13,13,15,22,14,21,0,33,51,38,13,28,12,15,2,11,15,22,14,7,5,18,29,14,5,6,4,20,72,6,0,108,11,9,12,0,6,10,15,15,1
4,37,phase_player_vs_rusher,phase_player,rusher,enemy,territory,enemy,territory,5,0,40,23,20,20,10,23,9,22,4,29,119,100,19,24,13,15,2,35,12,48,24,13,6,17,71,0,0,29,0,130,67,0,0,266,3,12,12,7,2,7,5,5,1
4,37,phase_player_vs_utility_balancer,phase_player,utility_balancer,player,full_board_majority,player,full_board_majority,5,0,23,23,12,11,19,18,18,17,0,33,47,33,14,29,0,9,2,16,12,29,14,0,6,21,18,15,0,10,7,47,30,11,27,10,4,12,8,4,12,12,13,14,2
4,37,phase_player_vs_utility_rusher,phase_player,utility_rusher,enemy,territory,enemy,territory,5,0,28,23,14,14,12,23,11,22,2,31,64,45,19,33,2,13,2,20,17,23,20,1,8,14,41,13,1,12,1,20,100,61,29,17,3,5,12,12,12,4,10,14,3
4,37,phase_player_vs_utility_economist,phase_player,utility_economist,player,full_board_majority,player,full_board_majority,5,0,33,23,17,16,20,17,19,16,0,33,87,68,19,34,7,17,2,14,18,43,16,5,6,15,44,18,2,8,42,60,77,96,15,18,0,9,10,12,7,12,10,14,3
4,37,phase_player_vs_utility_fortifier,phase_player,utility_fortifier,player,full_board_majority,player,full_board_majority,5,0,23,23,12,11,19,18,18,17,0,33,46,34,12,31,0,8,2,16,11,29,16,0,6,22,17,15,0,10,2,63,26,25,18,4,9,12,6,4,12,12,17,18,2
4,37,phase_player_vs_utility_aggro_turtle,phase_player,utility_aggro_turtle,player,full_board_majority,player,full_board_majority,5,0,23,23,12,11,20,17,19,16,0,33,46,33,13,32,0,8,2,16,11,29,16,0,6,22,17,16,0,10,2,65,26,26,18,4,8,12,6,4,12,10,17,18,2
4,37,phase_player_vs_utility_opportunist,phase_player,utility_opportunist,enemy,full_board_majority,enemy,full_board_majority,5,0,36,23,18,18,18,19,17,18,0,33,79,57,22,46,9,23,2,23,19,37,20,4,13,14,42,26,5,10,2,40,193,163,23,18,1,10,10,10,7,7,15,23,3
4,37,rusher_vs_phase_player,rusher,phase_player,player,territory,player,territory,5,0,35,23,18,17,23,13,22,12,1,32,86,70,16,22,14,8,2,42,17,53,0,0,33,15,33,22,14,9,31,0,189,7,0,147,6,1,8,4,10,12,6,6,1
4,37,rusher_vs_rusher,rusher,rusher,player,domination,player,domination,5,0,33,23,17,16,19,1,18,0,17,16,54,54,0,0,0,0,0,123,9,31,0,0,57,7,23,0,0,66,7,0,267,0,0,14,6,0,4,2,0,4,0,0,0
4,37,rusher_vs_utility_balancer,rusher,utility_balancer,player,full_board_majority,player,full_board_majority,5,0,38,23,19,19,19,18,18,17,0,33,108,81,27,40,3,9,2,31,12,70,0,1,25,21,38,40,2,6,2,1,228,70,10,34,2,3,12,12,10,5,6,10,3
4,37,rusher_vs_utility_rusher,rusher,utility_rusher,enemy,territory,enemy,territory,5,0,20,23,10,10,7,23,6,22,7,26,45,42,3,7,0,3,1,35,7,23,0,0,27,19,22,7,0,8,0,0,45,10,16,16,1,5,6,12,12,7,3,4,2
4,37,rusher_vs_utility_economist,rusher,utility_economist,player,full_board_majority,player,full_board_majority,5,0,20,23,10,10,20,17,19,16,0,33,42,36,6,6,0,8,2,24,10,28,0,0,16,23,14,6,0,8,0,41,63,13,2,5,4,12,12,4,12,12,0,0,0
4,37,rusher_vs_utility_fortifier,rusher,utility_fortifier,player,territory,player,territory,5,0,25,23,13,12,23,9,22,8,5,28,61,42,19,25,1,6,2,24,11,45,0,0,18,17,16,25,1,6,1,0,92,15,1,0,2,1,10,12,2,8,3,4,2
4,37,rusher_vs_utility_aggro_turtle,rusher,utility_aggro_turtle,player,full_board_majority,player,full_board_majority,5,0,25,23,13,12,22,15,21,14,0,33,64,45,19,20,1,4,2,24,11,46,0,0,17,22,18,20,1,7,13,1,93,4,5,15,2,3,9,7,12,12,1,1,1
4,37,rusher_vs_utility_opportunist,rusher,utility_opportunist,enemy,full_board_majority,enemy,full_board_majority,5,0,40,23,20,20,16,21,15,20,0,33,96,82,14,40,3,9,1,56,16,54,0,0,48,17,42,40,3,8,34,0,252,185,12,53,1,0,6,10,6,4,11,26,3
4,37,utility_balancer_vs_phase_player,utility_balancer,phase_player,player,full_board_majority,player,full_board_majority,5,0,27,23,14,13,19,18,18,17,0,33,60,36,24,42,1,9,2,13,19,24,25,1,7,14,36,17,0,6,28,20,9,17,82,83,10,12,3,4,12,12,13,16,3
4,37,utility_balancer_vs_rusher,utility_balancer,rusher,enemy,territory,enemy,territory,5,0,25,23,13,12,13,23,12,22,1,32,61,54,7,8,2,5,2,40,21,22,8,2,16,11,39,0,0,24,26,2,3,1,5,97,2,3,2,6,12,5,0,0,0
4,37,utility_balancer_vs_utility_balancer,utility_balancer,utility_balancer,player,full_board_majority,player,full_board_majority,5,0,17,23,9,8,19,18,18,17,0,33,9,7,2,35,1,5,2,13,18,5,16,0,7,15,4,19,1,6,0,19,3,2,9,9,4,12,5,12,12,11,17,33,3
4,37,utility_balancer_vs_utility_rusher,utility_balancer,utility_rusher,enemy,full_board_majority,enemy,full_board_majority,5,0,16,23,8,8,17,20,16,19,0,33,26,19,7,12,0,5,2,16,18,8,7,0,9,15,18,5,0,7,5,9,7,2,22,5,4,12,12,12,12,4,5,5,1
4,37,utility_balancer_vs_utility_economist,utility_balancer,utility_economist,player,full_board_majority,player,full_board_majority,5,0,19,23,10,9,19,18,18,17,0,33,22,15,7,32,2,8,2,12,18,8,20,1,6,15,14,12,1,6,13,6,16,29,13,11,4,12,1,12,12,12,11,24,3
4,37,utility_balancer_vs_utility_fortifier,utility_balancer,utility_fortifier,player,full_board_majority,player,full_board_majority,5,0,22,23,11,11,21,16,20,15,0,33,23,9,14,54,2,7,2,10,18,7,31,0,5,15,16,23,2,5,22,30,10,33,8,26,4,12,11,12,10,7,17,38,3
4,37,utility_balancer_vs_utility_aggro_turtle,utility_balancer,utility_aggro_turtle,player,full_board_majority,player,full_board_majority,5,0,22,23,11,11,21,16,20,15,0,33,23,9,14,53,3,7,2,10,18,7,31,0,5,15,16,22,3,5,22,30,10,31,8,33,4,12,11,12,4,7,16,37,3
4,37,utility_balancer_vs_utility_opportunist,utility_balancer,utility_opportunist,enemy,full_board_majority,enemy,full_board_majority,5,0,24,23,12,12,17,20,16,19,0,33,22,20,2,64,1,6,2,14,19,8,32,0,7,14,14,32,1,7,33,40,12,60,38,5,4,12,12,12,12,0,27,62,3
4,37,utility_rusher_vs_phase_player,utility_rusher,phase_player,player,territory,player,territory,5,0,23,23,12,11,23,8,22,7,6,27,58,45,13,20,4,10,2,14,18,33,7,0,7,9,25,13,4,7,22,28,26,0,36,16,12,12,6,11,12,10,6,7,2
4,37,utility_rusher_vs_rusher,utility_rusher,rusher,player,full_board_majority,player,full_board_majority,5,0,41,23,21,20,21,16,20,15,0,33,114,108,6,21,4,6,2,61,19,54,21,4,17,14,60,0,0,44,72,33,56,0,0,214,4,12,11,1,0,12,6,15,3
4,37,utility_rusher_vs_utility_balancer,utility_rusher,utility_balancer,player,territory,player,territory,5,0,19,23,10,9,23,11,22,10,3,30,41,37,4,17,1,4,2,16,14,26,4,0,10,16,15,13,1,6,41,29,2,14,11,8,12,12,6,12,12,11,10,13,3
4,37,utility_rusher_vs_utility_rusher,utility_rusher,utility_rusher,enemy,full_board_majority,enemy,full_board_majority,5,0,19,23,10,9,18,19,17,18,0,33,40,34,6,16,0,5,2,17,16,18,10,0,9,17,22,6,0,8,35,17,6,11,34,9,12,4,2,4,12,8,7,10,2
4,37,utility_rusher_vs_utility_economist,utility_rusher,utility_economist,player,territory,player,territory,5,0,19,23,10,9,23,12,22,11,2,31,44,38,6,12,2,7,2,13,15,25,5,2,7,16,19,7,0,6,27,29,13,9,25,7,8,12,4,12,12,9,5,6,2
4,37,utility_rusher_vs_utility_fortifier,utility_rusher,utility_fortifier,player,territory,player,territory,5,0,17,23,9,8,23,7,22,6,7,26,38,31,7,11,0,5,2,17,12,26,4,0,5,14,12,7,0,12,20,11,12,0,25,0,12,12,4,5,12,6,4,4,1
4,37,utility_rusher_vs_utility_aggro_turtle,utility_rusher,utility_aggro_turtle,player,territory,player,territory,5,0,16,23,8,8,23,9,22,8,5,28,33,28,5,12,0,9,2,12,13,22,4,0,5,15,11,8,0,7,10,8,16,0,12,0,0,12,6,11,0,0,7,7,1
4,37,utility_rusher_vs_utility_opportunist,utility_rusher,utility_opportunist,player,full_board_majority,player,full_board_majority,5,0,17,23,9,8,22,15,21,14,0,33,29,25,4,14,0,5,2,16,17,17,5,0,9,16,12,9,0,7,11,23,6,0,17,7,0,12,6,11,12,12,7,10,2
4,37,utility_economist_vs_phase_player,utility_economist,phase_player,enemy,full_board_majority,enemy,full_board_majority,5,0,20,23,10,10,16,21,15,20,0,33,38,27,11,27,2,5,2,11,21,10,18,1,5,12,28,9,1,6,12,6,7,3,11,57,7,12,8,12,12,6,12,15,3
4,37,utility_economist_vs_rusher,utility_economist,rusher,enemy,full_board_majority,enemy,full_board_majority,5,0,30,23,15,15,16,21,15,20,0,33,74,60,14,18,1,8,2,42,22,26,18,1,12,11,48,0,0,30,43,9,41,31,0,123,7,12,12,3,1,9,1,1,1
4,37,utility_economist_vs_utility_balancer,utility_economist,utility_balancer,player,full_board_majority,player,full_board_majority,5,0,23,23,12,11,19,18,18,17,0,33,24,16,8,58,1,7,2,11,17,15,25,1,6,16,9,33,0,5,38,31,6,36,37,13,12,12,0,4,12,12,19,50,3
4,37,utility_economist_vs_utility_rusher,utility_economist,utility_rusher,enemy,territory,enemy,territory,5,0,19,23,10,9,11,23,10,22,3,30,50,46,4,9,2,10,2,11,15,21,5,2,6,15,29,4,0,5,29,14,0,32,33,7,8,4,1,0,12,6,5,5,1
4,37,utility_economist_vs_utility_economist,utility_economist,utility_economist,player,full_board_majority,player,full_board_majority,5,0,18,23,9,9,19,18,18,17,0,33,14,12,2,37,0,9,2,12,17,6,18,0,7,16,8,19,0,5,15,21,4,20,19,10,4,12,1,12,12,0,16,35,3
4,37,utility_economist_vs_utility_fortifier,utility_economist,utility_fortifier,player,full_board_majority,player,full_board_majority,5,0,18,23,9,9,19,18,18,17,0,33,10,7,3,44,0,9,2,10,18,5,20,0,5,15,5,24,0,5,2,12,12,7,21,5,4,12,4,12,8,0,19,41,3
4,37,utility_economist_vs_utility_aggro_turtle,utility_economist,utility_aggro_turtle,player,full_board_majority,player,full_board_majority,5,0,18,23,9,9,19,18,18,17,0,33,16,9,7,37,2,7,2,10,18,7,18,0,5,15,9,19,2,5,8,15,8,8,17,5,4,12,6,12,12,4,13,30,3
4,37,utility_economist_vs_utility_opportunist,utility_economist,utility_opportunist,enemy,full_board_majority,enemy,full_board_majority,5,0,22,23,11,11,15,22,14,21,0,33,28,22,6,47,1,7,2,11,17,11,23,1,6,16,17,24,0,5,39,22,3,17,34,34,12,12,11,0,12,9,19,41,3
4,37,utility_fortifier_vs_phase_player,utility_fortifier,phase_player,player,full_board_majority,player,full_board_majority,5,0,25,23,13,12,19,18,18,17,0,33,43,25,18,42,1,12,2,14,20,17,25,1,8,13,26,17,0,6,6,6,12,6,48,96,3,12,2,7,12,12,17,21,3
4,37,utility_fortifier_vs_rusher,utility_fortifier,rusher,enemy,territory,enemy,territory,5,0,28,23,14,14,10,23,9,22,4,29,73,64,9,10,4,5,2,42,16,28,10,4,17,13,45,0,0,25,21,1,0,0,1,116,12,4,6,0,4,10,1,1,1
4,37,utility_fortifier_vs_utility_balancer,utility_fortifier,utility_balancer,enemy,full_board_majority,enemy,full_board_majority,5,0,17,23,9,8,18,19,17,18,0,33,6,3,3,36,1,8,2,11,17,3,17,1,6,16,3,19,0,5,0,3,11,2,15,3,4,12,12,12,12,12,15,33,3
4,37,utility_fortifier_vs_utility_rusher,utility_fortifier,utility_rusher,enemy,territory,enemy,territory,5,0,16,23,8,8,10,23,9,22,4,29,27,23,4,16,0,5,2,13,15,9,10,0,8,14,18,6,0,5,0,5,2,6,24,5,11,12,11,12,12,7,8,12,2
4,37,utility_fortifier_vs_utility_economist,utility_fortifier,utility_economist,enemy,full_board_majority,enemy,full_board_majority,5,0,18,23,9,9,18,19,17,18,0,33,9,9,0,42,0,8,2,12,17,4,20,0,7,16,5,22,0,5,6,20,0,11,15,11,4,12,9,12,12,0,20,42,3
4,37,utility_fortifier_vs_utility_fortifier,utility_fortifier,utility_fortifier,enemy,full_board_majority,enemy,full_board_majority,5,0,22,23,11,11,18,19,17,18,0,33,20,10,10,58,1,6,2,10,16,8,31,0,5,17,12,27,1,5,32,34,4,30,14,12,4,12,12,12,12,2,22,48,3
4,37,utility_fortifier_vs_utility_aggro_turtle,utility_fortifier,utility_aggro_turtle,enemy,full_board_majority,enemy,full_board_majority,5,0,22,23,11,11,18,19,17,18,0,33,20,10,10,58,1,6,2,10,16,8,31,0,5,17,12,27,1,5,32,34,4,30,14,12,4,12,12,12,12,2,22,48,3
4,37,utility_fortifier_vs_utility_opportunist,utility_fortifier,utility_opportunist,player,full_board_majority,player,full_board_majority,5,0,18,23,9,9,19,18,18,17,0,33,10,6,4,41,3,8,2,11,17,3,22,1,6,16,7,19,2,5,10,2,19,12,24,2,4,12,0,8,12,4,17,37,3
4,37,utility_aggro_turtle_vs_phase_player,utility_aggro_turtle,phase_player,player,full_board_majority,player,full_board_majority,5,0,27,23,14,13,19,18,18,17,0,33,60,36,24,42,1,9,2,13,19,24,25,1,7,14,36,17,0,6,28,19,9,17,82,83,10,12,3,4,12,12,13,16,3
4,37,utility_aggro_turtle_vs_rusher,utility_aggro_turtle,rusher,enemy,territory,enemy,territory,5,0,25,23,13,12,13,23,12,22,1,32,61,54,7,8,2,5,2,40,21,22,8,2,16,11,39,0,0,24,26,2,3,1,5,97,2,3,2,6,12,5,0,0,0
4,37,utility_aggro_turtle_vs_utility_balancer,utility_aggro_turtle,utility_balancer,player,full_board_majority,player,full_board_majority,5,0,18,23,9,9,19,18,18,17,0,33,9,7,2,45,2,5,2,12,18,5,21,0,6,15,4,24,2,6,5,22,0,10,10,5,4,12,1,10,12,2,20,43,3
4,37,utility_aggro_turtle_vs_utility_rusher,utility_aggro_turtle,utility_rusher,enemy,full_board_majority,enemy,full_board_majority,5,0,18,23,9,9,16,21,15,20,0,33,31,22,9,19,1,5,2,15,18,11,11,0,8,15,20,8,1,7,27,9,2,14,29,5,7,12,6,12,12,2,7,10,3
4,37,utility_aggro_turtle_vs_utility_economist,utility_aggro_turtle,utility_economist,player,full_board_majority,player,full_board_majority,5,0,21,23,11,10,21,16,20,15,0,33,16,11,5,45,3,11,2,12,18,6,27,1,6,15,10,18,2,6,20,9,13,61,6,7,2,12,10,12,12,9,17,40,3
4,37,utility_aggro_turtle_vs_utility_fortifier,utility_aggro_turtle,utility_fortifier,player,full_board_majority,player,full_board_majority,5,0,23,23,12,11,21,16,20,15,0,33,17,3,14,57,6,8,2,10,18,4,31,5,5,15,13,26,1,5,23,26,25,45,8,21,1,12,12,12,3,12,18,41,3
4,37,utility_aggro_turtle_vs_utility_aggro_turtle,utility_aggro_turtle,utility_aggro_turtle,player,full_board_majority,player,full_board_majority,5,0,23,23,12,11,21,16,20,15,0,33,17,3,14,56,8,7,2,10,18,4,31,5,5,15,13,25,3,5,23,26,25,47,8,14,1,12,12,12,4,12,16,40,3
4,37,utility_aggro_turtle_vs_utility_opportunist,utility_aggro_turtle,utility_opportunist,enemy,full_board_majority,enemy,full_board_majority,5,0,22,23,11,11,18,19,17,18,0,33,21,18,3,55,0,6,2,13,18,8,28,0,6,15,13,27,0,7,33,28,0,42,32,1,4,12,10,12,12,0,25,52,3
4,37,utility_opportunist_vs_phase_player,utility_opportunist,phase_player,enemy,full_board_majority,enemy,full_board_majority,5,0,23,23,12,11,18,19,17,18,0,33,44,29,15,33,0,11,2,13,19,18,20,0,7,14,26,13,0,6,6,26,1,0,35,82,11,12,4,3,12,12,12,16,3
4,37,utility_opportunist_vs_rusher,utility_opportunist,rusher,enemy,territory,enemy,territory,5,0,26,23,13,13,10,23,9,22,4,29,64,58,6,6,3,9,2,38,16,25,6,3,16,13,39,0,0,22,11,0,4,4,0,108,10,4,7,4,10,11,0,0,0
4,37,utility_opportunist_vs_utility_balancer,utility_opportunist,utility_balancer,player,full_board_majority,player,full_board_majority,5,0,19,23,10,9,19,18,18,17,0,33,15,13,2,42,1,5,2,13,18,8,20,0,7,15,7,22,1,6,19,25,1,18,11,9,4,12,1,12,12,11,21,40,3
4,37,utility_opportunist_vs_utility_rusher,utility_opportunist,utility_rusher,enemy,full_board_majority,enemy,full_board_majority,5,0,18,23,9,9,16,21,15,20,0,33,31,22,9,18,1,5,2,16,18,11,10,0,9,15,20,8,1,7,27,9,4,14,29,5,7,12,6,12,12,2,6,9,3
4,37,utility_opportunist_vs_utility_economist,utility_opportunist,utility_economist,player,full_board_majority,player,full_board_majority,5,0,25,23,13,12,19,18,18,17,0,33,35,28,7,58,0,7,2,12,17,14,34,0,6,16,21,24,0,6,57,19,3,69,57,6,4,12,0,12,12,12,22,50,3
4,37,utility_opportunist_vs_utility_fortifier,utility_opportunist,utility_fortifier,player,full_board_majority,player,full_board_majority,5,0,21,23,11,10,19,18,18,17,0,33,16,12,4,56,0,7,2,10,15,11,28,0,5,18,5,28,0,5,43,31,0,10,25,7,4,12,3,4,12,12,24,52,3
4,37,utility_opportunist_vs_utility_aggro_turtle,utility_opportunist,utility_aggro_turtle,player,full_board_majority,player,full_board_majority,5,0,23,23,12,11,21,16,20,15,0,33,22,16,6,61,1,6,2,10,17,12,31,0,5,16,10,30,1,5,47,31,8,13,19,21,4,12,10,12,12,12,24,55,3
4,37,utility_opportunist_vs_utility_opportunist,utility_opportunist,utility_opportunist,enemy,full_board_majority,enemy,full_board_majority,5,0,22,23,11,11,18,19,17,18,0,33,21,21,0,53,0,6,2,14,17,10,25,0,7,16,11,28,0,7,27,34,8,43,32,4,12,12,12,4,12,1,24,53,3
5,61,phase_player_vs_phase_player,phase_player,phase_player,player,full_board_majority,player,full_board_majority,5,0,58,37,29,29,31,30,30,29,0,57,147,113,34,54,14,49,2,21,28,77,23,6,12,29,70,31,8,9,93,113,804,42,73,631,12,12,12,0,12,11,20,20,1
5,61,phase_player_vs_rusher,phase_player,rusher,enemy,full_board_majority,enemy,full_board_majority,5,0,102,37,51,51,29,32,28,31,0,57,289,248,41,52,47,56,2,104,33,121,52,47,23,24,168,0,0,81,87,167,1803,9,401,2401,12,12,12,0,12,12,11,11,1
5,61,phase_player_vs_utility_balancer,phase_player,utility_balancer,player,full_board_majority,player,full_board_majority,5,0,51,37,26,25,31,30,30,29,0,57,126,75,51,88,0,14,2,17,20,73,38,0,8,37,53,50,0,9,57,84,520,131,50,239,12,12,8,0,12,12,28,36,3
5,61,phase_player_vs_utility_rusher,phase_player,utility_rusher,enemy,territory,enemy,territory,5,0,46,37,23,23,13,37,12,36,11,46,128,91,37,52,5,16,2,23,16,53,32,5,13,30,75,20,0,10,0,45,247,74,123,345,7,12,12,7,12,8,10,15,3
5,61,phase_player_vs_utility_economist,phase_player,utility_economist,player,full_board_majority,player,full_board_majority,5,0,46,37,23,23,32,29,31,28,0,57,122,89,33,59,1,17,2,18,27,51,39,1,11,30,71,20,0,7,81,62,410,201,83,149,0,11,9,12,7,8,20,26,3
5,61,phase_player_vs_utility_fortifier,phase_player,utility_fortifier,player,full_board_majority,player,full_board_majority,5,0,97,37,49,48,35,26,34,25,0,57,372,285,87,121,0,9,2,18,24,183,68,0,8,33,189,53,0,10,283,221,1213,558,118,315,0,2,9,12,12,12,21,25,3
5,61,phase_player_vs_utility_aggro_turtle,phase_player,utility_aggro_turtle,player,full_board_majority,player,full_board_majority,5,0,52,37,26,26,31,30,30,29,0,57,121,60,61,99,1,13,2,17,21,72,39,1,8,36,49,60,0,9,59,84,495,131,41,234,0,12,12,9,12,1,26,37,3
5,61,phase_player_vs_utility_opportunist,phase_player,utility_opportunist,enemy,full_board_majority,enemy,full_board_majority,5,0,51,37,26,25,30,31,29,30,0,57,149,107,42,68,0,12,2,16,21,80,33,0,8,36,69,35,0,8,41,61,451,115,103,231,11,12,9,0,12,12,20,24,3
5,61,rusher_vs_phase_player,rusher,phase_player,enemy,territory,enemy,territory,5,0,66,37,33,33,22,37,21,36,2,55,168,143,25,34,18,38,2,78,23,95,0,2,59,32,73,34,16,19,3,17,617,43,57,994,4,11,12,12,10,7,9,9,1
5,61,rusher_vs_rusher,rusher,rusher,enemy,timeout_majority,,none,5,-9,121,37,60,60,22,31,21,30,8,49,433,433,0,0,6,22,2,208,29,212,0,4,105,20,221,0,2,103,14,0,784,1,26,1856,10,2,11,6,6,7,0,0,0
5,61,rusher_vs_utility_balancer,rusher,utility_balancer,player,full_board_majority,player,full_board_majority,5,0,55,37,28,27,34,27,33,26,0,57,184,147,37,48,0,3,2,31,19,117,0,0,26,38,67,48,0,5,59,46,475,68,47,164,0,12,12,12,12,12,2,3,2
5,61,rusher_vs_utility_rusher,rusher,utility_rusher,enemy,territory,enemy,territory,5,0,42,37,21,21,13,37,12,36,11,46,110,98,12,30,1,7,2,52,17,58,0,0,47,29,52,30,1,5,0,0,126,99,95,316,4,6,12,9,12,8,13,18,3
5,61,rusher_vs_utility_economist,rusher,utility_economist,,timeout_draw,,none,5,1,121,37,60,60,29,28,28,27,4,53,363,254,109,165,15,15,2,107,21,239,0,0,99,32,124,165,15,8,480,0,1199,800,110,594,5,10,12,12,2,0,14,39,3
5,61,rusher_vs_utility_fortifier,rusher,utility_fortifier,player,full_board_majority,player,full_board_majority,5,0,47,37,24,23,34,27,33,26,0,57,148,115,33,38,0,5,2,27,21,96,0,0,21,36,52,38,0,6,40,34,477,75,28,124,0,12,12,12,12,12,1,1,1
5,61,rusher_vs_utility_aggro_turtle,rusher,utility_aggro_turtle,player,full_board_majority,player,full_board_majority,5,0,51,37,26,25,34,27,33,26,0,57,175,142,33,40,0,5,2,27,22,109,0,0,21,35,66,40,0,6,39,53,556,143,26,117,4,12,6,0,12,6,0,0,0
5,61,rusher_vs_utility_opportunist,rusher,utility_opportunist,player,full_board_majority,player,full_board_majority,5,0,73,37,37,36,33,28,32,27,0,57,275,224,51,67,0,4,2,33,23,167,0,0,28,34,108,67,0,5,15,77,754,132,78,394,5,12,7,0,12,6,6,8,3
5,61,utility_balancer_vs_phase_player,utility_balancer,phase_player,enemy,territory,enemy,territory,5,0,50,37,25,25,22,37,21,36,2,55,121,100,21,59,2,19,2,39,26,62,32,2,15,29,59,27,0,24,141,117,221,96,37,509,12,12,12,8,10,5,21,36,3
5,61,utility_balancer_vs_rusher,utility_balancer,rusher,enemy,full_board_majority,enemy,full_board_majority,5,0,54,37,27,27,26,35,25,34,0,57,183,147,36,44,1,3,2,32,41,65,44,1,5,16,118,0,0,27,158,16,124,150,0,482,0,12,12,7,11,8,0,0,0
5,61,utility_balancer_vs_utility_balancer,utility_balancer,utility_balancer,enemy,full_board_majority,enemy,full_board_majority,5,0,46,37,23,23,29,32,28,31,0,57,45,34,11,153,1,6,2,10,27,24,75,1,5,30,21,78,0,5,120,136,194,91,49,254,0,12,12,9,12,6,50,142,3
5,61,utility_balancer_vs_utility_rusher,utility_balancer,utility_rusher,enemy,territory,enemy,territory,5,0,26,37,13,13,14,37,13,36,10,47,63,58,5,17,2,6,2,16,30,21,9,0,11,17,42,8,2,5,9,46,36,159,46,44,11,12,12,12,12,8,12,12,1
5,61,utility_balancer_vs_utility_economist,utility_balancer,utility_economist,enemy,full_board_majority,enemy,full_board_majority,5,0,41,37,21,20,30,31,29,30,0,57,46,37,9,122,0,7,2,10,27,22,65,0,5,30,24,57,0,5,70,87,201,64,116,191,7,12,0,0,12,12,45,113,3
5,61,utility_balancer_vs_utility_fortifier,utility_balancer,utility_fortifier,player,full_board_majority,player,full_board_majority,5,0,41,37,21,20,31,30,30,29,0,57,37,23,14,125,4,7,2,12,26,23,62,3,5,31,14,63,1,7,184,71,117,89,53,220,0,12,6,0,12,12,43,111,3
5,61,utility_balancer_vs_utility_aggro_turtle,utility_balancer,utility_aggro_turtle,enemy,territory,enemy,territory,5,0,44,37,22,22,23,37,22,36,1,56,53,16,37,98,20,16,2,15,21,31,39,16,10,35,22,59,4,5,144,141,189,71,87,221,12,12,12,0,12,11,32,56,3
5,61,utility_balancer_vs_utility_opportunist,utility_balancer,utility_opportunist,enemy,full_board_majority,enemy,full_board_majority,5,0,43,37,22,21,29,32,28,31,0,57,51,39,12,122,2,6,2,16,28,27,58,1,11,29,24,64,1,5,91,83,234,147,53,153,9,12,7,0,12,12,41,110,3
5,61,utility_rusher_vs_phase_player,utility_rusher,phase_player,player,territory,player,territory,5,0,45,37,23,22,37,15,36,14,9,48,122,87,35,48,3,19,2,24,26,77,13,0,14,22,45,35,3,10,40,161,260,3,31,376,8,12,8,12,6,12,10,13,3
5,61,utility_rusher_vs_rusher,utility_rusher,rusher,player,territory,player,territory,5,0,39,37,20,19,37,9,36,8,15,42,85,83,2,29,4,6,1,64,26,46,29,4,5,16,39,0,0,59,63,104,266,0,0,117,8,12,8,1,3,6,14,27,3
5,61,utility_rusher_vs_utility_balancer,utility_rusher,utility_balancer,player,territory,player,territory,5,0,31,37,16,15,37,17,36,16,7,50,90,80,10,19,1,7,2,13,17,55,10,1,5,33,35,9,0,8,212,35,91,15,25,57,12,12,8,12,12,11,7,9,2
5,61,utility_rusher_vs_utility_rusher,utility_rusher,utility_rusher,player,full_board_majority,player,full_board_majority,5,0,43,37,22,21,31,30,30,29,0,57,131,125,6,24,0,7,2,35,28,68,8,0,21,29,63,16,0,14,134,111,187,141,39,222,7,12,4,0,4,12,11,18,3
5,61,utility_rusher_vs_utility_economist,utility_rusher,utility_economist,player,territory,player,territory,5,0,31,37,16,15,37,17,36,16,7,50,90,80,10,19,1,7,2,13,17,55,10,1,5,33,35,9,0,8,212,35,91,15,25,57,12,12,8,12,12,11,7,9,2
5,61,utility_rusher_vs_utility_fortifier,utility_rusher,utility_fortifier,player,full_board_majority,player,full_board_majority,5,0,68,37,34,34,33,28,32,27,0,57,299,285,14,33,0,7,2,10,24,158,12,0,5,33,141,21,0,5,473,180,440,222,104,294,0,12,8,12,12,6,13,19,3
5,61,utility_rusher_vs_utility_aggro_turtle,utility_rusher,utility_aggro_turtle,player,full_board_majority,player,full_board_majority,5,0,48,37,24,24,34,27,33,26,0,57,158,136,22,52,1,7,2,11,26,87,21,1,5,31,71,31,0,6,226,97,270,74,34,266,0,12,7,6,12,4,14,30,3
5,61,utility_rusher_vs_utility_opportunist,utility_rusher,utility_opportunist,player,full_board_majority,player,full_board_majority,5,0,75,37,38,37,33,28,32,27,0,57,332,313,19,37,1,6,2,15,24,178,9,0,10,33,154,28,1,5,482,230,527,328,31,374,12,12,8,0,12,8,12,18,3
5,61,utility_economist_vs_phase_player,utility_economist,phase_player,enemy,territory,enemy,territory,5,0,62,37,31,31,22,37,21,36,2,55,180,146,34,79,2,24,2,27,26,93,43,1,7,29,87,36,1,20,308,127,328,191,68,547,12,12,12,8,0,7,24,42,3
5,61,utility_economist_vs_rusher,utility_economist,rusher,enemy,full_board_majority,enemy,full_board_majority,5,0,60,37,30,30,28,33,27,32,0,57,216,189,27,36,0,5,2,39,45,85,36,0,5,12,131,0,0,34,61,146,237,276,20,519,12,12,12,0,8,12,4,6,2
5,61,utility_economist_vs_utility_balancer,utility_economist,utility_balancer,player,full_board_majority,player,full_board_majority,5,0,40,37,20,20,31,30,30,29,0,57,45,37,8,115,3,6,2,10,30,24,53,2,5,27,21,62,1,5,76,29,239,130,28,168,0,12,12,8,12,3,41,107,3
5,61,utility_economist_vs_utility_rusher,utility_economist,utility_rusher,enemy,territory,enemy,territory,5,0,64,37,32,32,22,37,21,36,2,55,245,231,14,54,0,12,2,11,31,114,28,0,6,24,131,26,0,5,387,81,148,514,250,284,12,10,12,12,12,10,22,39,3
5,61,utility_economist_vs_utility_economist,utility_economist,utility_economist,enemy,full_board_majority,enemy,full_board_majority,5,0,38,37,19,19,28,33,27,32,0,57,55,49,6,94,1,7,2,10,29,26,47,1,5,28,29,47,0,5,61,26,209,101,102,137,0,12,12,0,12,9,37,88,3
5,61,utility_economist_vs_utility_fortifier,utility_economist,utility_fortifier,player,full_board_majority,player,full_board_majority,5,0,43,37,22,21,32,29,31,28,0,57,60,46,14,114,1,9,2,10,30,28,57,1,5,27,32,57,0,5,107,102,215,125,123,208,0,12,12,12,12,12,39,100,3
5,61,utility_economist_vs_utility_aggro_turtle,utility_economist,utility_aggro_turtle,enemy,full_board_majority,enemy,full_board_majority,5,0,42,37,21,21,29,32,28,31,0,57,37,30,7,134,3,6,2,11,31,19,61,3,6,26,18,73,0,5,73,40,256,142,68,136,0,12,12,10,12,0,46,127,3
5,61,utility_economist_vs_utility_opportunist,utility_economist,utility_opportunist,enemy,full_board_majority,enemy,full_board_majority,5,0,42,37,21,21,29,32,28,31,0,57,65,55,10,105,1,7,2,12,30,30,50,1,7,27,35,55,0,5,64,87,271,210,122,57,12,12,12,0,12,10,39,95,3
5,61,utility_fortifier_vs_phase_player,utility_fortifier,phase_player,enemy,full_board_majority,enemy,full_board_majority,5,0,58,37,29,29,29,32,28,31,0,57,194,157,37,65,0,7,2,22,44,82,31,0,13,13,112,34,0,9,137,33,158,201,361,407,0,12,9,5,12,6,23,24,2
5,61,utility_fortifier_vs_rusher,utility_fortifier,rusher,enemy,full_board_majority,enemy,full_board_majority,5,0,50,37,25,25,27,34,26,33,0,57,166,138,28,38,0,5,2,27,37,63,38,0,5,20,103,0,0,22,42,34,179,23,9,470,12,12,12,0,12,12,3,4,2
5,61,utility_fortifier_vs_utility_balancer,utility_fortifier,utility_balancer,player,territory,player,territory,5,0,41,37,21,20,37,20,36,19,4,53,36,26,10,99,8,8,2,37,23,25,58,6,5,30,11,41,2,32,126,78,230,30,30,306,0,12,6,6,12,12,32,88,3
5,61,utility_fortifier_vs_utility_rusher,utility_fortifier,utility_rusher,enemy,full_board_majority,enemy,full_board_majority,5,0,38,37,19,19,27,34,26,33,0,57,113,101,12,31,2,6,2,16,32,50,16,0,11,25,63,15,2,5,84,70,137,216,84,129,0,12,9,12,12,6,14,19,3
5,61,utility_fortifier_vs_utility_economist,utility_fortifier,utility_economist,enemy,full_board_majority,enemy,full_board_majority,5,0,40,37,20,20,28,33,27,32,0,57,56,49,7,103,0,7,2,10,27,28,53,0,5,30,28,50,0,5,80,130,152,84,62,228,9,12,12,0,12,12,39,96,3
5,61,utility_fortifier_vs_utility_fortifier,utility_fortifier,utility_fortifier,enemy,full_board_majority,enemy,full_board_majority,5,0,60,37,30,30,27,34,26,33,0,57,87,45,42,130,30,21,2,28,20,48,65,20,11,37,39,65,10,17,331,179,241,88,169,563,12,12,12,0,12,12,34,84,3
5,61,utility_fortifier_vs_utility_aggro_turtle,utility_fortifier,utility_aggro_turtle,player,full_board_majority,player,full_board_majority,5,0,42,37,21,21,31,30,30,29,0,57,24,18,6,143,2,8,2,14,29,10,74,1,5,28,14,69,1,9,63,75,220,101,88,159,0,1,12,9,7,0,50,137,3
5,61,utility_fortifier_vs_utility_opportunist,utility_fortifier,utility_opportunist,enemy,full_board_majority,enemy,full_board_majority,5,0,46,37,23,23,28,33,27,32,0,57,51,38,13,144,1,6,2,12,28,24,71,1,7,29,27,73,0,5,155,99,162,135,110,228,12,12,12,0,12,9,46,130,3
5,61,utility_aggro_turtle_vs_phase_player,utility_aggro_turtle,phase_player,enemy,territory,enemy,territory,5,0,50,37,25,25,19,37,18,36,5,52,126,97,29,68,2,22,2,25,24,64,37,0,9,28,62,31,2,16,215,127,97,128,33,474,12,12,12,9,8,5,23,37,3
5,61,utility_aggro_turtle_vs_rusher,utility_aggro_turtle,rusher,enemy,territory,enemy,territory,5,0,52,37,26,26,22,37,21,36,2,55,188,162,26,33,0,4,2,27,36,73,33,0,6,19,115,0,0,21,68,59,143,23,61,447,12,12,12,10,12,8,1,3,3
5,61,utility_aggro_turtle_vs_utility_balancer,utility_aggro_turtle,utility_balancer,enemy,territory,enemy,territory,5,0,42,37,21,21,23,37,22,36,1,56,44,12,32,88,23,12,2,22,21,28,36,13,17,35,16,52,10,5,150,66,235,61,43,257,12,12,12,9,12,11,30,52,3
5,61,utility_aggro_turtle_vs_utility_rusher,utility_aggro_turtle,utility_rusher,enemy,full_board_majority,enemy,full_board_majority,5,0,41,37,21,20,27,34,26,33,0,57,132,120,12,32,2,6,2,15,31,59,19,0,10,26,73,13,2,5,91,59,171,243,98,133,8,12,7,0,12,7,14,20,2
5,61,utility_aggro_turtle_vs_utility_economist,utility_aggro_turtle,utility_economist,enemy,full_board_majority,enemy,full_board_majority,5,0,44,37,22,22,30,31,29,30,0,57,48,40,8,135,0,7,2,10,26,23,71,0,5,31,25,64,0,5,126,122,174,87,92,244,12,12,12,0,12,12,49,127,3
5,61,utility_aggro_turtle_vs_utility_fortifier,utility_aggro_turtle,utility_fortifier,enemy,full_board_majority,enemy,full_board_majority,5,0,42,37,21,21,30,31,29,30,0,57,28,17,11,127,10,13,2,13,27,16,59,9,5,30,12,68,1,8,98,80,180,50,62,289,0,9,12,8,0,8,45,116,3
5,61,utility_aggro_turtle_vs_utility_aggro_turtle,utility_aggro_turtle,utility_aggro_turtle,enemy,full_board_majority,enemy,full_board_majority,5,0,47,37,24,23,25,36,24,35,0,57,49,18,31,109,25,12,2,26,21,31,47,14,21,36,18,62,11,5,142,52,367,61,85,282,12,11,6,0,12,12,37,71,3
5,61,utility_aggro_turtle_vs_utility_opportunist,utility_aggro_turtle,utility_opportunist,enemy,full_board_majority,enemy,full_board_majority,5,0,49,37,25,24,30,31,29,30,0,57,62,51,11,153,0,6,2,12,27,33,76,0,7,30,29,77,0,5,205,104,157,167,121,234,12,12,2,0,12,12,50,141,3
5,61,utility_opportunist_vs_phase_player,utility_opportunist,phase_player,enemy,full_board_majority,enemy,full_board_majority,5,0,50,37,25,25,30,31,29,30,0,57,133,89,44,74,0,13,2,20,35,61,38,0,10,22,72,36,0,10,110,79,204,100,125,436,0,12,9,10,12,7,22,25,3
5,61,utility_opportunist_vs_rusher,utility_opportunist,rusher,player,full_board_majority,player,full_board_majority,5,0,89,37,45,44,31,30,30,29,0,57,283,179,104,131,3,5,2,49,36,86,131,3,5,21,197,0,0,44,254,62,394,6,43,739,0,12,11,2,6,12,10,14,3
5,61,utility_opportunist_vs_utility_balancer,utility_opportunist,utility_balancer,player,full_board_majority,player,full_board_majority,5,0,46,37,23,23,31,30,30,29,0,57,46,33,13,150,4,6,2,10,28,20,79,1,5,29,26,71,3,5,156,88,195,74,90,246,0,12,9,0,12,6,47,137,3
5,61,utility_opportunist_vs_utility_rusher,utility_opportunist,utility_rusher,enemy,full_board_majority,enemy,full_board_majority,5,0,81,37,41,40,27,34,26,33,0,57,375,362,13,30,0,7,2,15,29,182,21,0,7,28,193,9,0,8,396,78,211,492,225,558,10,12,6,0,12,8,9,17,3
5,61,utility_opportunist_vs_utility_economist,utility_opportunist,utility_economist,player,full_board_majority,player,full_board_majority,5,0,41,37,21,20,32,29,31,28,0,57,56,45,11,111,1,7,2,10,29,27,57,1,5,28,29,54,0,5,123,72,145,87,114,202,11,12,2,0,12,12,40,100,3
5,61,utility_opportunist_vs_utility_fortifier,utility_opportunist,utility_fortifier,player,full_board_majority,player,full_board_majority,5,0,49,37,25,24,34,27,33,26,0,57,74,54,20,138,0,7,2,11,26,38,72,0,5,31,36,66,0,6,200,77,190,164,144,275,0,12,12,12,12,12,43,118,3
5,61,utility_opportunist_vs_utility_aggro_turtle,utility_opportunist,utility_aggro_turtle,player,full_board_majority,player,full_board_majority,5,0,49,37,25,24,31,30,30,29,0,57,52,40,12,155,4,6,2,14,31,22,78,2,9,26,30,77,2,5,165,95,253,116,62,272,0,12,10,12,12,12,49,143,3
5,61,utility_opportunist_vs_utility_opportunist,utility_opportunist,utility_opportunist,player,full_board_majority,player,full_board_majority,5,0,43,37,22,21,31,30,30,29,0,57,52,45,7,125,1,6,2,13,26,29,62,0,8,31,23,63,1,5,69,64,244,166,71,110,6,12,4,0,12,12,46,118,3
